id,title,date,commentNum,recommendNum
0,직원으로 채용하고 싶은 '일머리' 있는 것 같은 스타는?,,0,0
0,새롭게 태어난 LS증권에선 USD 100 증정,,0,0
0,,,0,0
7917906,씨발 신탁 내용 개 좆됐다...ㄷㄷㄷ,2024-08-14 19:33:37,22,62
7917795,오늘 신탁 해석해달라고?,2024-08-14 19:24:00,56,73
7917757,속보) 신탁 떴다.. 찐,2024-08-14 19:19:58,50,62
7917602,결국 또 맞는말만 하신 분.....jpg,2024-08-14 19:08:36,7,57
7917464,미주갤 수준 아주 가관이구나 ㅋㅋㅋㅋㅋㅋㅋ,2024-08-14 18:56:59,27,87
7917457,??? : 엔비디아 그만올라 씨발,2024-08-14 18:56:03,3,54
7917446,뭐??? 엔비 117에 안팔았다고??,2024-08-14 18:55:07,9,82
7917313,이쁜 뒷태,2024-08-14 18:42:51,6,49
7917212,엔비디아 그만 오르십시오.,2024-08-14 18:30:36,2,27
7917202,워렌버핏 딱 이 짤로 설명가능,2024-08-14 18:29:38,28,102
7917165,짤녀 꼴리면 오늘 불장임 ㅇㅇ,2024-08-14 18:26:35,4,98
7917147,"""효도 인버스 2배 ETF""",2024-08-14 18:24:59,7,39
7916969,cpi 개좆됐음 좋겠는 샷충이는 개추 ㅋㅋ,2024-08-14 18:03:42,16,85
7916963,트럼프 vs 해리스 상황 ㅋㅋㅋㅋㅋㅋㅋ,2024-08-14 18:02:54,48,53
7916813,미국포주갤러리,2024-08-14 17:44:34,5,111
7916524,찐 고점 신호떴다...jpg,2024-08-14 17:20:19,30,66
7916216,보지 빨고 싶으면 개추,2024-08-14 16:57:14,1,10
7916152,엔비디아 1주에 조건만남 하자는 여고딩.jpg,2024-08-14 16:51:01,18,66
7916132,신입 미붕이들은 잘 보고 배워라,2024-08-14 16:48:15,19,111
7915889,시발 심심해서 여동생 레깅스 입어봤는데,2024-08-14 16:18:48,47,83
7915840,이번주 미주갤 요약,2024-08-14 16:09:41,10,95
7915822,쌰충이 6시간 뒤 ㅋㅋㅋㅋㅋㅋㅋㅋㅋㅋㅋㅋㅋㅋㅋㅋ,2024-08-14 16:05:09,9,66
7915713,나이키 주식 근황,2024-08-14 15:52:23,12,57
7915637,이 아스퍼거 새끼 뭐라고 지껄이는거임?,2024-08-14 15:42:24,24,25
7915627,수백억 계좌 인증의 비밀,2024-08-14 15:40:37,16,48
7915551,voo 솔직히 존나 이름빨임,2024-08-14 15:26:49,22,83
7915486,역시 투자는 한국이 최고다,2024-08-14 15:18:25,20,103
7915456,중부경찰서 청문감사 갔다왔는데,2024-08-14 15:14:53,67,107
7915120,샤충이 계좌 한번 볼끄아?,2024-08-14 14:26:14,3,18
7914919,오늘 “ 이거 “ 바라는 게이들은 개추 ,2024-08-14 13:56:24,4,133
7914783,직장인 주식부자 인터뷰 논란.jpg,2024-08-14 13:36:30,61,86
7914629,앞으로 페도필리아도 다양성으로 인정하기로 했음,2024-08-14 13:08:11,29,88
7914600,푸틴 핵공격 표적에 한국 전라도 포함,2024-08-14 13:03:18,48,77
7914489,솔직히 여캠들 존나 부럽긴함 ㅋㅋ,2024-08-14 12:48:47,9,34
7914217,여자볼때 학력만 봄,2024-08-14 12:11:53,52,195
7913698,화웨이 칩이 엔비디아꺼랑 동급 맞음ㅇㅇ,2024-08-14 11:09:45,17,144
7913628,국장 잡주충 레전드노 ㅋㅋㅋㅋㅋㅋ,2024-08-14 10:58:40,21,58
7913531,기술 배워야 할듯,2024-08-14 10:43:38,15,109
7913477,집중) 숏친 시발새끼들아 좆까지쫌 마라!!,2024-08-14 10:35:59,15,122
7913400,워렌버핏 딱 이 짤로 설명가능,2024-08-14 10:24:02,0,18
7913180,8월 14일 시황,2024-08-14 09:50:55,25,41
7912688,(부끄부끄^^) 다 보여드릴께요,2024-08-14 08:29:50,5,71
7912463,여기서 피터린치의 말씀을 다시 새겨보자...,2024-08-14 07:45:27,33,156
7911764,"속보) 반도체의 ""정상화""",2024-08-14 04:52:14,22,144
7911477,속쓰 30에 물린거 못참고 다 팔았다 ㅋㅋㅋㅋㅋㅋ,2024-08-14 03:42:30,29,55
7911294,스물한살 한달반 월급 반납하고 퇴학합니다,2024-08-14 03:06:08,11,20
7911152,버핏 욕하지마라 너네 도와줄려한거다,2024-08-14 02:47:39,18,104
7911119,숏이 개사기인 이유,2024-08-14 02:42:20,22,191
7910959,아니 토스 씨발아 ㅋㅋㅋㅋㅋ,2024-08-14 02:21:32,37,96
7910908,롱충이 집합!!!!!!!!,2024-08-14 02:17:00,21,128
0,직원으로 채용하고 싶은 '일머리' 있는 것 같은 스타는?,,0,0
0,새롭게 태어난 LS증권에선 USD 100 증정,,0,0
0,,,0,0
7931016,"구글 창업자 ""엔비디아 사라""",2024-08-15 19:46:47,10,44
7930216,매도가 힘든 이유 jpg,2024-08-15 17:52:08,28,85
7929146,미국 미친 새끼들 광복절인데 개장하노;;;,2024-08-15 14:58:12,23,173
7928917,디씨가 친일이 아니고 니들이 늙은 거임,2024-08-15 14:14:45,2,85
7928826,진성준이 빠재 아재 고소했네,2024-08-15 13:56:19,4,11
7928020,8월 15일 시황,2024-08-15 11:47:15,20,40
7927564,"금감원 ""카카오페이 암호화는 일반인이 풀 수 있는 수준""",2024-08-15 10:36:51,46,103
7927502,국뽕은 역사를 좆도 모르긴 하더라,2024-08-15 10:28:16,1,24
7927459,한국이 좆본을 넘은건 단 한번도 없지만 지금 한참 넘었다고 치고,2024-08-15 10:21:24,2,28
7926492,트럼프 해리스 베팅사이트 지역별 현재상황 ㄷ ㄷ ㄷ,2024-08-15 07:07:48,137,54
7926433,월가 포트폴리오 총정리,2024-08-15 06:35:51,47,89
7926372,버핏 인생에서 얼마나 많은 침체를 겪었겠냐,2024-08-15 06:14:05,24,232
7926235,버핏 말년 참 추하네,2024-08-15 05:29:51,36,97
7925878,테슬라 오히려 지금이 살 기회아닌가요 ?? 고민되네,2024-08-15 03:50:53,18,48
7925697,전인구 신탁이 항상 맞는 이유,2024-08-15 02:56:38,38,106
7925596,요즘 나스닥 요약.jpg,2024-08-15 02:33:59,5,78
7925531,(Ai노래)최근 미주갤 글들 보고 만든 노래,2024-08-15 02:21:13,27,123
7925519,오선 이 사람 극한직업이었노 ㅋㅋㅋㅋㅋㅋㅋㅋ,2024-08-15 02:19:40,31,96
7924775,폭락왔을때 후회하면서 분산투자 해야지 맘 먹었는데,2024-08-15 01:10:31,13,75
7924758,나스닥 진짜 반등이 맞는 이유....jpg,2024-08-15 01:08:57,8,60
7924580,구글산새끼들 이제 좆됨ㅋㅋㅋㅋㅋㅋㅋ,2024-08-15 00:56:00,6,101
7924567,짤녀 빵빵한 만큼 쌰충이들 피눈물,2024-08-15 00:54:47,10,66
7924541,그 새끼가 산 주식 근황...jpg,2024-08-15 00:53:23,15,78
7924494,롱충이 실시간.gif,2024-08-15 00:49:58,39,87
7923811,나스닥 현재 상황.gif,2024-08-15 00:03:37,3,107
7923800,현재 숏충이 상황.gif,2024-08-15 00:02:46,9,61
7923762,숏 스위칭 했는데 진짜 씨발 아,2024-08-15 00:01:12,16,74
7922960,씹ㅋㅋㅋㅋㅋ 이거 뭔데 ㅋㅋㅋㅋㅋㅋㅋㅋㅋ,2024-08-14 23:21:53,15,90
7922827,"""신은 존재하며 그는 한국에서 주식 방송을 한다.""",2024-08-14 23:16:01,19,140
7922117,엔비디아 속보,2024-08-14 22:55:08,8,81
7921849,아 주식 안해 씨발,2024-08-14 22:48:53,16,103
7921769,트럼프 vs 해리스 베팅사이트 배당 상황 ㄷ ㄷ ㄷ ㄷ,2024-08-14 22:46:59,53,68
7921600,전인구 '손가락 신탁' 입갤 ㅋㅋㅋㅋㅋㅋㅋㅋㅋㅋㅋㅋㅋ,2024-08-14 22:43:59,4,93
7920977,2800억 내고 우주비행 떠나는 주인공은? ,2024-08-14 22:30:46,8,32
7920347,내일 나올 지표,2024-08-14 21:57:02,24,53
7920306,진지하게 오늘 롱으로 보이면 IQ검사 해봐라,2024-08-14 21:54:58,5,140
7920235,아 씨빨 왜 전쟁 안나냐고!!!!,2024-08-14 21:51:27,4,63
7920035,실시간 숏충이들 꼬추 상황.gif,2024-08-14 21:45:19,7,63
7919934,???: 애들아 다 탔지?,2024-08-14 21:42:34,3,82
7919336,소비자물가지수 CPI,2024-08-14 21:31:32,9,36
7919147,3분뒤 샤충이 꽈추...jpg,2024-08-14 21:27:51,3,42
7919027,??? : 사람들이 CPu를 기대하고 있다고?,2024-08-14 21:21:16,1,17
7918884,짤녀..가능하면 개추...jpg,2024-08-14 21:09:52,17,80
7918866,일본 대지진나서 일본녀들 몸팔러 한국 왔으면 좋겠음,2024-08-14 21:08:35,5,74
7918686,연락하던 썸녀 잠수탄거 같다.. 시발,2024-08-14 20:51:59,10,87
7918669,완장들 혐글은 짜르고 야짤은 못본척 지나치는거 맘에듦,2024-08-14 20:50:31,8,88
7918607,위기의 나스닥 .. 마지막 전쟁이 시작된다 ,2024-08-14 20:42:55,21,53
7918352,이란 몇시간 이내 보복 결정 가능,2024-08-14 20:18:14,12,74
7918346,CPI가 어떻게 나오는지가 중요한게 아니다,2024-08-14 20:17:53,7,44
7918101,신탁 해석...gif,2024-08-14 19:54:51,18,63
0,직원으로 채용하고 싶은 '일머리' 있는 것 같은 스타는?,,0,0
0,새롭게 태어난 LS증권에선 USD 100 증정,,0,0
0,,,0,0
7980098,내가 환차손에 아무런 걱정이 없는이유.,2024-08-20 16:04:52,49,86
7979832,찰리멍거 사망 전 마지막 인터뷰...JPG,2024-08-20 15:22:17,56,110
7979810,버핏 게이야...ㅠㅠㅠ,2024-08-20 15:19:21,27,98
7979763,soxs산게 후회스럽고 하루하루가 고통스러우면 개추,2024-08-20 15:11:22,15,71
7979470,내가 지수추종을 조롱하는 이유 ,2024-08-20 14:23:18,29,193
7979458,VOO들먹이면서 미주갤하는놈들 = 다 씨발놈들임,2024-08-20 14:21:11,33,128
7979335,최태원 근황.jpg,2024-08-20 14:04:04,65,95
7979034,"트럼프, 테일러 스위프트 '가짜 AI 지지' 사진 올리고 ""수락""",2024-08-20 13:20:25,11,36
7978971,근데 한국인 소짱깨 맞지않음?,2024-08-20 13:09:35,44,143
7978877,죽고싶다. 념글 보내주라. 2편,2024-08-20 12:55:12,85,63
7977893,8월 20일 시황,2024-08-20 10:29:19,31,40
7977852,내가 환율이 떨어져도 환차손이 없는 이유,2024-08-20 10:22:38,155,105
7977476,아니 ㅋㅋㅋㅋㅋ 돈 벌기가 이렇게 쉬운데ㅋㅋㅋㅋㅋㅋㅋㅋㅋㅋㅋㅋㅋㅋ,2024-08-20 09:35:26,45,112
7976734,엔비디아 아직마이너스먼 개추ㅋㄱㅋㄱㄱ,2024-08-20 07:31:58,29,73
7976724,인간지표 거들먹거리는 게 제일 웃김,2024-08-20 07:29:17,17,125
7976701,7억념글 본인이다 ..,2024-08-20 07:23:24,145,138
7976479,와 념글 팸코 임마 글보는데 상상 이상이네,2024-08-20 06:37:47,56,116
7976201,야이 빡대갈들아 120 후반부터 130을 개미가 삿겠냐?,2024-08-20 05:20:41,22,67
7976167,펨코 트레이더 실종된게 존나 웃기네 ㅋㅋㅋㅋ,2024-08-20 05:14:57,56,122
7975598,얘 기억해놔라 롱잡으면 고점임,2024-08-20 03:46:31,15,73
7975572,???: 142층에 물렸다고?,2024-08-20 03:43:19,5,168
7975515,펨코에서 주식 좆고수 개웃기네 ㅋㅋㅋㅋㅋㅋㅋ,2024-08-20 03:33:17,49,116
7975462,"""뭐? 140에 쳐물렸다고?""",2024-08-20 03:27:05,21,196
7975434,너 뭐해 지금 밀린일 없음 나와 ,2024-08-20 03:23:02,3,51
7975292,뭐 140층에 물린 사람이 있다고?,2024-08-20 03:10:33,5,101
7974740,7억 념글이다,2024-08-20 01:56:19,35,49
7974687,본인이 이새끼보다 저능한 주식 버러지면 개추 ㅋㅋㅋ,2024-08-20 01:47:55,5,11
7974652,아들 요새 ai가 핫하대며?,2024-08-20 01:42:16,10,182
7973224,지표 씹창나도 보합이네 애미 씨발련아,2024-08-19 23:27:18,16,55
7974548,,2024-08-20 01:25:52,13,100
7974533,지금 들어가는건 신중히 생각해야 함,2024-08-20 01:23:39,28,67
7974048,진짜 여긴 허접들이 노무 많다 ,2024-08-20 00:38:45,20,35
7974381,7억깨지면 걍손절함,2024-08-20 01:01:26,27,38
7974414,현 키움 순매수 순위.jpg,2024-08-20 01:05:01,24,58
7974428,개병신새끼면 개추 ㅋㅋ,2024-08-20 01:06:18,9,32
7974483,엔비디아 고점이다? 딱 알려줌,2024-08-20 01:14:30,13,40
7974493,경기침체? AI거품? 엔캐리? 컄ㅋ,2024-08-20 01:15:54,2,17
7974479,미주갤하면 돈 못번다 ㅇㅇ,2024-08-20 01:13:20,6,57
7974307,아 씨발 미붕이 서점운영하는데 개좆됬다…… 하,2024-08-20 00:57:09,9,156
7973876,엔비 어닝마다 반복되는 모습들,2024-08-20 00:24:51,8,79
7973828,7억배팅 념글인데 씨발 자살하러간다,2024-08-20 00:19:39,58,58
7973802,토스 nvdl 종토방 근황,2024-08-20 00:17:43,19,110
7973766,7억배팅 간다 시발 나에게 힘을줘!!!,2024-08-20 00:14:33,14,50
7973563,드디어 떳다 씨박!!!!!!!,2024-08-19 23:56:35,10,14
7973324,오늘 쌰충이vs롱숭이 근황.gif,2024-08-19 23:34:13,14,64
7972956,오늘 테슬라가 불장인 이유를 아직도 모르겠음??,2024-08-19 23:12:39,32,139
7971764,오늘 숏이 이기는 이유,2024-08-19 22:28:10,5,78
7403529,장시작 5분전이다 술과 계집을 대령하라,2024-07-09 22:25:11,245,2918
7971636,솔직히 당장 올라갈 시장환경이 아님 ,2024-08-19 22:15:32,6,25
7971549,너네는 어디 가서 주식한다고 하지 마...,2024-08-19 22:04:05,9,71
0,직원으로 채용하고 싶은 '일머리' 있는 것 같은 스타는?,,0,0
0,새롭게 태어난 LS증권에선 USD 100 증정,,0,0
0,,,0,0
7956441,이거 보고 AI 관련주 풀매수 ㄷㄷㄷㄷㄷㄷㄷㄷㄷㄷㄷㄷㄷㄷㄷ,2024-08-17 22:59:01,39,101
7956407,월가에서 이런말도 쓰는구나 ㅋㅋㅋㅋ(feat 국장),2024-08-17 22:50:53,64,207
7956366,롱순이 근황.jpg,2024-08-17 22:41:50,13,97
7955998,모두가 아는경기침체는 안온다고?,2024-08-17 21:21:05,22,161
7955659,장문) 고금리에 실물경제가 부러지는 이유와 미국 상업용 부동산폭탄,2024-08-17 19:57:32,108,88
7955625,"24년 8월 3주 차 주요일정 (경제지표, 연설, 실적발표)",2024-08-17 19:50:33,28,44
7955495,가투갤펌) 왜 개좆창이 아주 설ㅡ설 나오는 수많은 사유와 팩트,2024-08-17 19:13:31,113,102
7954993,시발나도 ㅅ매매피해잔데 왜 지원금안주냐 시발,2024-08-17 17:13:47,26,214
7954982,삼성전자 방사선 피폭 사태 진실.jpg,2024-08-17 17:10:19,85,181
7954593,유튜브에 공개된 강남 800억 아파트.jpg,2024-08-17 15:23:20,92,62
7953665,용인시 테슬라 화재 현장(강남대학교) 탐방 다녀왔음.,2024-08-17 12:24:16,61,67
7954163,테슬라도 불났다,2024-08-17 13:53:50,33,41
7954098,15년전 스타크래프트 대회 우승상금 ㄷㄷㄷ,2024-08-17 13:44:10,40,110
7953791,"최근 매크로상황(재정적자,부동산+고용,소비,PER,CAPE)",2024-08-17 12:48:41,25,44
7953366,미주갤 유입 일주일 뉴비.. 자짤 차단목록,2024-08-17 11:24:47,41,93
7953128,대체 뭘하면 7천받고 살기 팍팍함?,2024-08-17 10:43:20,125,131
7952680,7일 연속 상승 말이안된다 이렇게 쉽게 돈을벌게해줄리가..,2024-08-17 08:59:08,21,118
7952678,한‘남들은 주식코인 pf제도 만들어야 함,2024-08-17 08:58:49,5,65
7952676,테슬라 전기차는 테슬라의 극히 일부분일 뿐이다,2024-08-17 08:58:44,11,32
7952675,주식 2년이상 해봤으면 지수추종 절대 욕 못하지,2024-08-17 08:58:28,14,125
7952674,한가지 말해준다,2024-08-17 08:58:27,8,43
7952673,오늘도 누누하게 야가다를 뛰는중이다 ,2024-08-17 08:58:00,15,33
7952672,3배 레버리지부턴 심리적으로 힘듬,2024-08-17 08:57:50,4,29
7952671,신규 주택건설이랑 건축허가건수 ㅈ박은거 치고는,2024-08-17 08:57:44,1,19
7952669,시발 개조선 왜 안망하냐고,2024-08-17 08:57:14,11,55
7952667,숏열사들에 대한 모멸과 핍박이 도를 넘었다,2024-08-17 08:56:33,10,29
7952666,조정장에 숏치는새끼가있는게 신기함,2024-08-17 08:56:05,0,29
7952665,앱장 졸라 흐르네,2024-08-17 08:55:55,0,11
7952664,어제 초반 쳐박을때 숏 산 애들은 좆같겠다,2024-08-17 08:55:54,0,15
7952663,미주갤은 걍 오면 기분좋음,2024-08-17 08:55:47,2,51
7952662,노력안하고 돈벌고 싶으면 딸깍 도박질을 할게 아니라 확실한걸,2024-08-17 08:55:36,4,13
7952660,확실히 상승세인가보긴하네,2024-08-17 08:55:13,1,21
7952624,부동산 붕괴 막는게,2024-08-17 08:44:15,15,29
7952623,근데 오늘도 안내려서 샤충이들 ㅈ된거 아님?,2024-08-17 08:44:11,0,14
7952622,엔케리로 지랄났던때 기준으로 670잃었네..,2024-08-17 08:43:33,2,12
7952620,젊었을때 크게 한탕 버는게 맞다,2024-08-17 08:43:17,0,16
7952619,"민주당이 정권 잡으면, 개인투자 금지될껄?",2024-08-17 08:41:59,32,70
7952618,우리나라 사람들은 너무 착해서 문제임,2024-08-17 08:41:34,9,61
7952617,3억의 자산가가 왜 3억이나 모을수 있었는지 알겠으면 개추,2024-08-17 08:41:28,1,27
7952616,탈종교와 정신질환 유병률은 비례함,2024-08-17 08:41:26,11,32
7952614,엔비디아 앱장에서 쏘네,2024-08-17 08:40:53,1,14
7952611,voo로 몰빵하다가 레버 고점대비 -20% 떨어지면 레버 사?,2024-08-17 08:40:38,1,16
7952608,엔디비아 월요일날 추가로 구매해도됨?,2024-08-17 08:39:46,2,12
7952607,주말동안 좆창날 뉴스나 뜨면 좋겠네,2024-08-17 08:39:39,0,14
7952603,이렇게 하루하루 아무 생각없이 살다가 문득 은퇴하고 60살 70살,2024-08-17 08:37:49,3,32
7952599,보통 상승장 초입이면 개미들이 숏탄놈들만 바글바글한데,2024-08-17 08:35:05,4,20
7952545,"나노봇 이달 말부터 상용화. 더이상 생명유지에  폐, 심장 불필요",2024-08-17 08:17:57,6,22
7951153,지가 천재라고 엔비 롱탓다가 숏친새기 분명 있을 듯,2024-08-17 02:01:58,9,92
7951845,금요일엔 숏이지 롱잡는 병신이 어딨냐ㅋㅋ,2024-08-17 04:11:59,2,52
7952202,니들은 멘탈 터지면 매매 쉬어라 ㅜ,2024-08-17 05:57:38,27,40
0,직원으로 채용하고 싶은 '일머리' 있는 것 같은 스타는?,,0,0
0,새롭게 태어난 LS증권에선 USD 100 증정,,0,0
0,,,0,0
7971342,연민) 숏충이는 환율하락에 주가하락까지 2배로 ㅈ됫노,2024-08-19 21:40:51,3,14
7971000,노비디아 고점신호 떴다 ㅋㅋㅋㅋ,2024-08-19 21:04:48,33,65
7970927,트빠들이 아주 ㅂㅅ같은점,2024-08-19 20:57:10,12,50
7970704,한국은 기준금리 8%로 올려야 경제 살아남,2024-08-19 20:25:29,9,24
7970626,이새끼보다 주식 못하는 놈들만 개추,2024-08-19 20:17:42,21,138
7970406,금투세 시행하는 민주당이 개역겨운 이유,2024-08-19 19:55:41,0,30
7970261,쌰충이들 꼬추 상황.gif,2024-08-19 19:30:50,18,59
7969651,,2024-08-19 18:19:01,82,105
7969542,와 엄마 판다는 새끼가 있네 ㅋㅋㅋ,2024-08-19 18:04:14,0,11
7967445,현금관망(달러) << 개씨발숏충이보다못한새끼,2024-08-19 14:55:34,20,213
7967353,환율 떨어져서 좆됐다고??,2024-08-19 14:47:21,18,142
7967225,인기유튜버 우정잉 실물.jpg,2024-08-19 14:34:14,32,53
7966774,속보)금투세의 진성준 연임확정,2024-08-19 13:48:26,51,135
7966717,원캐리 청산 시작 ㅋㅋ,2024-08-19 13:43:14,12,70
7966536,여기 두 버튼이 있습니다,2024-08-19 13:22:29,22,153
7966531,망했다는 나이키 근황,2024-08-19 13:22:02,21,35
7966272,미주갤무서운이야기) 끝까지가면 달러가 다이겨 환율 신경쓰지마 하면서,2024-08-19 13:00:14,13,88
7965858,미쳐버린 도박충들...한국인 보유비중 ㄷㄷ..News,2024-08-19 12:28:14,72,127
7965388,환율 왜떨어졌는지 이유 찾는거임 ?,2024-08-19 11:33:22,30,151
7964481,달러 1390할때 줏었으면 개추 ㅋㅋ,2024-08-19 10:17:00,19,157
7963983,8월 19일 시황,2024-08-19 09:04:38,36,41
7964222,"이창용, 환율 개입 당장 멈추시오.",2024-08-19 09:44:14,3,91
7964121,트럼프 이새끼 ㅈ졌네 ,2024-08-19 09:27:42,97,74
7963680,카카오 스톡옵션 포기 퇴사 속출 중,2024-08-19 07:52:41,87,167
7963062,테슬라 호재 떴었구나,2024-08-19 02:28:05,22,153
7962437,나스닥 100퍼 오르는 대신 미주갤러 1000명이 한번에 죽는 버튼,2024-08-18 23:46:30,44,357
7962309,애플… 6년만에 브론즈 골드 부활…,2024-08-18 23:08:11,47,44
7962095,미붕이가 노후대비 하는 만화....manwha,2024-08-18 22:22:48,91,95
7961930,미주갤러 한 명씩 죽는 대신 나스닥 1% 상승하는 버튼,2024-08-18 21:52:33,71,461
7961766,"금투세 만드는 새끼들, 찬성하는 새끼들 봐라",2024-08-18 21:15:39,22,95
7961622,전기차 좆된거 분위기 아직 못느끼냐???,2024-08-18 20:42:32,67,142
7959814,전기차 1만대당 화재·폭발 0.93대… 엔진차는 0.90대,2024-08-18 15:01:48,74,46
7959520,테슬라 좆됐다 신탁떴다 씹 ㅋㅋㅋ,2024-08-18 14:13:44,65,154
7958563,30살 재산 1억 인증한다,2024-08-18 11:23:36,78,98
7959052,테슬라 망하는거 아님?,2024-08-18 12:38:02,43,76
7958811,"슈카 ""금투세, 대주주와 자산가들이 매우 유리한 제도""",2024-08-18 11:53:19,54,118
7958017,"""정부가 얼마나 돈을 쓰는지 관찰해, 그게 곧 ",2024-08-18 09:32:51,73,175
7957729,전기차 화재 vs 내연차 화재,2024-08-18 07:22:14,45,101
7957330,??? : 버크셔 해서웨이 세금 문제로 일부 차익실현 했습니다,2024-08-18 02:35:51,6,167
7957264,미국주식이 위험한이유 ㄷㄷㄷㄷㄷ,2024-08-18 02:08:20,28,173
7957246,미국주식은 세금이 25%다. 즉 26% 올라야 1% 수익나는거다.  ,2024-08-18 02:03:02,69,201
7957154,토요일 시황정리,2024-08-18 01:32:35,5,26
7957152,주식이 좆나 무서운이유 feat.가투충,2024-08-18 01:31:18,39,209
7957104,가투충 저사람 해킹당한거임?,2024-08-18 01:19:03,4,41
7957096,싱글싱글 금투세 근황,2024-08-18 01:16:07,50,208
7956999,이혼하면 주식은 반갈죽 안 당한다는 게이야,2024-08-18 00:55:50,31,101
7956939,대학떡밥은 닉네임 옆에 최종학력 표기해야됨,2024-08-18 00:44:41,94,211
7956758,테슬라 리스본 공항주차장 화재 ㅋㅋㅋㅋㅋ,2024-08-18 00:07:14,34,69
7956741,마트알바중이라 사람들많이보는데 여자들너무한거같음,2024-08-18 00:03:34,19,73
7956472,정치 얘기는 안하고 싶지만 카카오는 너무 심했음,2024-08-17 23:07:07,64,285
0,직원으로 채용하고 싶은 '일머리' 있는 것 같은 스타는?,,0,0
0,새롭게 태어난 LS증권에선 USD 100 증정,,0,0
0,,,0,0
7903259,데이장 막혀서 더 좋으면 개추,2024-08-13 16:35:55,11,157
7903015,실시간 샤충이 꽈추...gif,2024-08-13 16:19:43,8,55
7902413,돈에 미친 노인네...jpg,2024-08-13 14:52:29,87,146
7902242,니들 착각하지마라. 주식은 신분상승 못한다,2024-08-13 14:16:30,152,191
7902080,난 레버리지 별로라는애들한테 그냥 그렇다고해줌 ㅋㅋ,2024-08-13 13:48:46,26,19
7901247,20대들은 20대가 마지막 기회라는걸 모르더라...,2024-08-13 11:26:31,10,16
7900916,모든 것이 유전이였구나,2024-08-13 10:24:12,192,185
7900906,좌파 전세계에서 벌어지는일,2024-08-13 10:21:13,51,174
7900824,대법피셜 : 사기범죄 양형 기준 상향 최대 무기징역 ㅋㅋㅋㅋㅋ,2024-08-13 10:05:45,71,153
7900564,8월 13일 시황,2024-08-13 09:11:17,41,36
7900285,7월 CPI/PPI 기관별 예상치,2024-08-13 07:58:28,16,38
7900271,피터린치랑 워렌버핏 보면 진짜랑 가짜의 품격 차이가 드러나는듯,2024-08-13 07:54:44,101,366
7899595,성공한 nvdl 주주의 저녁식사,2024-08-13 03:35:49,23,83
7899545,이짤은 재평가가 시급함 ,2024-08-13 03:15:22,15,113
7899315,속보) 트럼프가 기를 쓰고 대통령이 되려는 이유,2024-08-13 02:30:50,23,73
7899230,오늘 무빙 역대급이네 ㅋㅋㅋㅋㅋㅋ,2024-08-13 02:18:13,27,46
7899228,이란 급진단체가 엔비디아 본사 테러안해줄라나,2024-08-13 02:17:54,8,62
7899190,오늘 장 한 짤 요약,2024-08-13 02:11:36,22,43
7899162,트황상 머통되면 개꿀 아님???????,2024-08-13 02:07:31,6,66
7899205,,2024-08-13 02:14:26,22,35
7899181,오늘 장 요약.jpg,2024-08-13 02:09:48,9,75
7899146,"속보)트럼프 ""구글 죽여버리겠다""",2024-08-13 02:05:24,15,46
7899119,뭐..? 엔비 110이 비싸다고?,2024-08-13 02:02:59,9,116
7899005,븅신들아 무조건 돈 2배로 불리는법 알려준다,2024-08-13 01:54:06,20,83
7898940,전쟁뉴스 ㅈ도 관심없는 롱숭이면 개추 ㅋㅋㅋㅋ,2024-08-13 01:46:43,1,71
7898951,빨리 전쟁하라고 씨빨새끼들아!!!!,2024-08-13 01:47:36,8,57
7898915,,2024-08-13 01:43:25,11,23
7898709,음전각 보이면 개추ㅋㅋㅋ,2024-08-13 01:16:59,2,35
7898675,진짜 전쟁나겠다 씨발,2024-08-13 01:14:19,29,128
7898567,이란이 24시간내로 공격한다는데 ㄹㅇ 개좆된이유,2024-08-13 01:05:22,20,91
7898552,오늘 샤충이 요약...gif,2024-08-13 01:04:16,5,53
7898411,엔비디아가 오를수밖에 없는이유,2024-08-13 00:54:34,12,51
7898383,??? 이상하다....jpg,2024-08-13 00:52:49,2,65
7898370,숏 청산시키는 무빙 봤제~,2024-08-13 00:52:06,8,25
7898362,샤충이들이 바라는 미래,2024-08-13 00:51:45,12,67
7898270,숏이 진짜 무섭구나...,2024-08-13 00:46:38,19,100
7898269,이란 전쟁 안한단다 ㅇㅇ,2024-08-13 00:46:37,15,58
7898200,군갤 병신 새끼 존나 나대고 있네,2024-08-13 00:42:43,19,82
7898093,이란만 믿고 있는 샤충이면 개추ㅋㅋㅋㅋㅋㅋ,2024-08-13 00:37:04,2,59
7897638,퇴학합니다,2024-08-13 00:23:00,22,42
7897602,nvdl 하루수익 = voo 10개월 수익,2024-08-13 00:19:24,12,46
7897588,뭐 voo를 사? ㅋㅋㅋㄱㅋㅋㅋㄱ,2024-08-13 00:17:32,3,26
7897574,엔비가 씨발 파멸적 떡락하게되는 수많은 이유 ㅇㅇ,2024-08-13 00:16:06,23,72
7897174,엔비 물려서 자살준비하고있었는데....,2024-08-12 23:48:53,9,55
7897255,테슬라숏은 그냥 같은 롱숭이 취급해주자,2024-08-12 23:55:57,5,57
7897214,실시간 샤충이 꽈추...gif,2024-08-12 23:52:46,4,37
7897202,샤충이 원금 근황..gif,2024-08-12 23:50:49,11,73
7897192,엔비 거품이라면서 테슬라사는 게 가장 병신같음,2024-08-12 23:49:50,5,70
7897159,네이버웹툰 주식 인증해범...jpg,2024-08-12 23:47:56,32,71
7897041,솔직히 엔비 120층까지는 안 갔으면 좋겠슴...,2024-08-12 23:42:03,11,65
0,직원으로 채용하고 싶은 '일머리' 있는 것 같은 스타는?,,0,0
0,새롭게 태어난 LS증권에선 USD 100 증정,,0,0
0,,,0,0
7910865,버핏 씹새가 시장교란만 안시켰어도,2024-08-14 02:12:05,16,119
7910686,워렌버핏이 엔비디아 대신 산 Ai 종목은?,2024-08-14 01:56:22,22,164
7910586,이란이 24시간 내에 전쟁낼거라 말한지 28시간 지남 ㅋㅋㅋ,2024-08-14 01:46:14,7,112
7910555,어휴 버핏 이 씨발 물로켓 새끼 ㅋㅋㅋㅋㅋ,2024-08-14 01:41:58,4,13
7910253,짤녀 꼴리는 만큼 엔비 떡락함,2024-08-14 01:05:20,23,69
7910242,씨발 이제야 숨통 좀 트이노 ......,2024-08-14 01:04:12,40,96
7910162,소름돋네;;; 옆집에 미친 사람 사나봐,2024-08-14 00:58:04,26,151
7910132,하루만에 연봉만큼 벌었놐ㅋㅋㅋㅋㅋㅋ,2024-08-14 00:55:22,70,97
7909964,요새 같이 더울때 등 땀 해결법 꿀팁,2024-08-14 00:40:13,25,141
7909954,,2024-08-14 00:39:27,35,52
7909830,씨발 옷 샀는데 택배기사 미친건가?,2024-08-14 00:26:54,8,153
7909791,'경기침체' 아니라고 신탁내려왓는데 숏을 왜쳣냐?????,2024-08-14 00:24:25,11,126
7909570,아니 돈 벌기가 이렇게 쉬운데 ㅋㅋㅋㅋㅋㅋㅋㅋㅋㅋㅋㅋ,2024-08-14 00:06:29,51,108
7909434,숏치면 좋은 점..real,2024-08-13 23:56:56,4,60
7909262,숏 친 새끼들 잘 들어라,2024-08-13 23:47:33,10,137
7909213,이란 이 애미뒤진씨발련아 미사일좀 쏘고 강간좀쳐해,2024-08-13 23:44:28,28,179
7909141,샤충이 근황.gif,2024-08-13 23:39:32,2,53
7909047,개미털기에 당한 병신...jpg,2024-08-13 23:33:55,17,87
7908867,???: 다들 자는거야…?,2024-08-13 23:23:28,22,165
7908765,이제 점점 이새끼 좆밥같아지면 개추 ㅋㅋㅋㅋㅋㅋㅋㅋㅋ,2024-08-13 23:18:48,33,142
7908605,진짜 현금관망<- 고집불통임,2024-08-13 23:11:17,21,83
7908424,??? : 내 손이 이래가 쪼매 섞어주소,2024-08-13 23:03:23,6,63
7907628,병신은 오늘도 스벅을 삽니다...,2024-08-13 22:36:01,49,62
7907091,알감자 손가락 신탁이 밈이 아닌 이유,2024-08-13 22:14:48,16,113
7907065,이란이 미사일 계속 안쏘는 이유,2024-08-13 22:13:10,26,140
7907037,미붕이한테 좆발리는 전설적인 투자자,2024-08-13 22:11:40,1,12
7906993,이새끼 진짜 뭐임?,2024-08-13 22:09:05,39,151
7906897,짤녀 꼴리면 오늘 속슬 20퍼 상승,2024-08-13 22:03:52,7,55
7906889,프장 왜 올라요?,2024-08-13 22:03:16,43,50
7906856,엔비디아 경고합니다 내려가십시오.,2024-08-13 22:00:37,4,77
7906785,저기 혹시 속슬 64달러도 구조 될까요??,2024-08-13 21:56:19,7,17
7906647,'국민 밉상' 카카오그룹 '노답' ㅋㅋㅋㅋㅋㅋㅋㅋㅋㅋㅋㅋㅋㅋㅋㅋㅋㅋㅋ,2024-08-13 21:48:48,39,125
7906407,씨발 다! 그냥 다 해줬잖아,2024-08-13 21:41:08,4,27
7906343,솔직히 지표 볼 줄 모르면 개추 ㅋㅋㅋㅋ,2024-08-13 21:38:51,19,215
7906213,생산자물가지수,2024-08-13 21:34:41,33,28
7905806,병신이 드디어 스벅을 이겼네요,2024-08-13 21:18:48,29,55
7905683,씨발 뭐임?,2024-08-13 21:10:58,36,61
7905505,병신은 오늘도 스벅을 삽니다...,2024-08-13 20:54:53,29,39
7905288,테슬라 투자자.. 섹파 ㅁㅌㅊ?,2024-08-13 20:25:56,22,83
7905231,홈디포가 병신회사가 맞는 이유,2024-08-13 20:16:10,21,40
7905185,텐버거 인증 ㅋㅋㅋㅋㅋㅋ,2024-08-13 20:08:04,19,70
7905183,PPI 상관없이 올릴수밖에 없음,2024-08-13 20:07:52,9,30
7905142,홈디포 ← ㄹㅇ 인생 처음듣는 회사인데 시총이 왜 460조원임?ㄷㄷ,2024-08-13 20:01:57,55,67
7904588,속보) 트럼프 오차범위 밖으로 따잇 ㅋㅋㅋㅋ....jpg,2024-08-13 19:10:58,10,51
7904528,엔비디아 이때까지 상황 요약,2024-08-13 19:04:44,16,71
7904476,테슬라 투자자... 저녁밥 ㅁㅌㅊ?,2024-08-13 18:57:45,29,70
7904469,토스 정지먹었다 ㅅㅂ,2024-08-13 18:55:56,64,243
7904354,"영국 실업수당청구 예상치 ""10배"" ㅋㅋㅋㅋㅋㅋㅋㅋㅋㅋ",2024-08-13 18:40:30,48,83
7903842,부자에 대한 감각이 좆망인게 가장 큰 문제다,2024-08-13 17:37:58,3,39
7903413,"블라디미르 푸틴, 나스닥 투자자들에게 경고 ""지옥을 보여주겠다""",2024-08-13 16:54:48,13,89
0,직원으로 채용하고 싶은 '일머리' 있는 것 같은 스타는?,,0,0
0,새롭게 태어난 LS증권에선 USD 100 증정,,0,0
0,,,0,0
7862046,와이프가 일찍 들어오라고 하면 몇시퇴근?,2024-08-09 15:08:39,16,24
7861535,TSMC 7월 월간 매출,2024-08-09 14:38:46,66,87
7861477,tsmc 7월 수익 보고서,2024-08-09 14:36:38,9,27
7861102,전잿났다 튀어라 ,2024-08-09 14:16:25,6,57
7860319,원화가 왜 오르냐고?,2024-08-09 13:05:05,21,132
7860112,금투세 밀어부치는 진성준,2024-08-09 12:46:23,58,100
7860039,시리아 본토에서 이스라엘 공격 허가 ㄷㄷ,2024-08-09 12:37:48,13,29
7860030,금투세는 사실 민주당 계파 싸움이라 쉽지않음 ㅇㅇ,2024-08-09 12:36:54,62,91
7859632,진성준 금투세 통화내역 ㄷㄷ,2024-08-09 11:48:30,18,62
7859563,롱숭이 현재 상황 ㅋㅋㅋㅋㅋㅋㅋㅋ,2024-08-09 11:38:37,38,148
7859462,요즘 미주갤 근황 .manhwa,2024-08-09 11:24:14,17,106
7859189,5달차 주린이 주식 실력 ㅁㅌㅊ냐,2024-08-09 10:52:06,14,63
7859140,짜장면에도 못비비는 voo 수익률 ㅋㅋㅋㅋㅋㅋㅋㅋㅋㅋ,2024-08-09 10:46:06,88,77
7858985,8월 9일 시황,2024-08-09 10:29:35,53,48
7858827,과즙세연이고 나발이고 시발,2024-08-09 10:10:40,16,181
7854684,숏순이들 조교 완료돼서 민감해진거 개웃기네 ㅋㅋㅋ,2024-08-09 02:13:12,21,155
7858123,주식으로 2.5조를 벌면 보이는 경치,2024-08-09 08:46:26,64,138
7858020,"00년, 08년에도 폭락하다 +7% 오르고 다음날 -12% 좆박았음ㄷㄷㄷ",2024-08-09 08:30:16,44,121
7857918,AI가 아직도 고점인 이유..jpg,2024-08-09 08:13:33,53,63
7857917,퇴물,2024-08-09 08:13:14,16,57
7857691,휴머노이드 <- 가끔식 이런 테마 언급될 때마다 좆같음,2024-08-09 07:34:44,24,54
7857649,얘들아. 거대한 대폭락이 임박했다. 반등에 속지마라,2024-08-09 07:27:36,33,95
7857549,오늘 아침 롱숭이들 출근 모습,2024-08-09 07:09:21,3,91
7857533,버핏 진짜 병신새끼네ㅋㅋㅋㅋ,2024-08-09 07:04:50,18,128
7857312,다음주 금요일 S&P500종가는 -32%가 하락한 3600임 ㄷㄷㄷㄷ,2024-08-09 06:12:22,18,88
7857311,"운용업계, 금투세 원천징수 기술적 문제 지적",2024-08-09 06:12:14,28,45
7857221,숏충이를 응징하는 롱충이,2024-08-09 05:48:40,2,29
7857146,숏충이 기상,2024-08-09 05:32:21,22,45
7856978,SOXS 오우너들 계좌 근황......jpg,2024-08-09 05:04:31,8,39
7856687,정보) 오늘 반등이 데드캣인 이유...jpg,2024-08-09 04:36:34,21,114
7856414,마소보다 속슬이 근본있다는새기는뭘까..,2024-08-09 04:08:05,83,48
7856376,자다깬 롱숭이 근황.jpg,2024-08-09 04:06:08,4,43
7856035,오늘장 요약,2024-08-09 03:37:36,12,109
7856002,확신에 차서 말하는 사람들 좀 같잖음,2024-08-09 03:34:49,29,72
7855974,쏙스 45층인데 제발 살려주세요,2024-08-09 03:32:56,14,89
7855931,미안해 얘들아 많이 기다렸지?,2024-08-09 03:29:46,6,65
7855772,다시 해외여행이 병신처럼보이면 개추 ㅋㅋㅋ,2024-08-09 03:18:46,10,133
7855745,ㅋㅋㅋㅋ 토스 커뮤 좀 치노 ㅋㅋㅋ,2024-08-09 03:16:32,5,79
7854780,30년물 국채 입찰 (설명 추가),2024-08-09 02:22:06,20,54
7854535,실시간 미국 국채 요약..jpg,2024-08-09 02:05:07,22,175
2481886,응 폭락해도 그만이야 병신아 ㅋㅋㅋㅋㅋㅋㅋㅋㅋㅋㅋㅋㅋㅋ,2022-01-24 20:23:59,103,1292
7854277,숏충이 미수발생이라는데 이게 뭐냐?,2024-08-09 01:49:09,38,55
7854194,여보 엔비디아 떨어지는데 괜찮나요....,2024-08-09 01:44:32,3,108
7854113,방시혁 그 동영상 썸네일 바꼈노ㅋㅋ,2024-08-09 01:40:45,6,73
7853732,왜 갑자기 존나 쳐말아 올리기만 하냐고?,2024-08-09 01:21:02,7,139
7853701,실시간 패배자들 목록,2024-08-09 01:18:51,10,127
7853458,어제랑 갤 분위기 존나 다른거 개웃기네 진짜 ㅋㅋㅋㅋ,2024-08-09 01:06:02,9,110
7853318,다들 자는거야……?,2024-08-09 00:57:26,12,142
7853221,미주갤 시발럼들아 니네가 오전에 대하락장이라매 ,2024-08-09 00:50:50,31,63
7852855,한족 <- 세계 최고의 민족이면 개추 ㅋㅋ,2024-08-09 00:31:09,8,66
0,직원으로 채용하고 싶은 '일머리' 있는 것 같은 스타는?,,0,0
0,새롭게 태어난 LS증권에선 USD 100 증정,,0,0
0,,,0,0
7881739,박수홍와이프 와 이래됐누??ㅍ,2024-08-11 08:42:46,53,79
7881456,다들 올림픽 정신으로 주식투자를 해라,2024-08-11 07:20:59,48,265
7880894,이새끼들 여자 얘기 하는거 보니 숨통좀 트였나보노,2024-08-11 02:56:45,21,226
7880153,단타매매를 즐기던 조지소로스의 수익률,2024-08-11 00:20:19,58,105
7786582,미주갤 등급표 이거 맞나요?,2024-08-05 23:33:31,58,162
7878942,고점 신호 떴다,2024-08-10 20:47:16,42,134
7878438,주석님 모음..jpg,2024-08-10 19:10:31,56,144
7878416,아 시발 웹툰 샀다가 한강가게 생겼네,2024-08-10 19:07:51,11,78
7878332,"24년 8월 2주 차 주요일정 (경제지표, 연설, 실적발표)",2024-08-10 18:53:22,45,67
7877933,ㄸ치다 와이프한테 걸린 블라남..,2024-08-10 17:34:08,106,133
7877582,경제침체가 개쌉 헛소리인 이유) 확실한 근거,2024-08-10 16:14:11,37,186
7877228,NVDL 투자자의 식사,2024-08-10 15:05:10,38,139
7876726,적립식 투자 좋은거 누가 모르냐?,2024-08-10 14:00:38,88,578
7873460,니들은 개잡주 쳐다도 보지마라 ,2024-08-10 03:32:54,39,65
7876515,이거보고 골드만삭스 평생 안믿기로 했음,2024-08-10 13:26:38,62,144
7876548,해주갤 미주갤 번갈아 보고있는데 존나 웃기네,2024-08-10 13:30:46,20,188
7876039,닷컴버블은 지금처럼 분기별 실적발표 공시도 없던때다,2024-08-10 12:27:32,27,98
7875948,블라인드피보니 네이버웹툰은 직원들이 앞장서서 상폐 말하네 ㅋㅋ,2024-08-10 12:14:39,10,95
7875804,근데 진짜 해리스가 이길거 같지 않냐,2024-08-10 11:55:55,25,119
7875693,청년도약 해지하고 빅테크10 장투 60일차,2024-08-10 11:40:39,61,123
7875673,주식을 몰래하면?,2024-08-10 11:37:54,24,103
7875639,솔직히 한국이 일본대지진 걱정할때냐,2024-08-10 11:32:54,16,39
7875360,미국주식 달러도 안전한게 아님,2024-08-10 10:48:56,48,115
7875110,어제 내 수익 ㅁㅌㅊ?,2024-08-10 09:58:04,31,88
7875106,네이버 샛기들 욕심그득해서 물적분할 오지게 해놓고,2024-08-10 09:57:32,18,147
7875089,탑툰도 나스닥 상장해라,2024-08-10 09:54:26,16,139
7875060,근데 웹툰 요즘도 많이 보냐?,2024-08-10 09:47:58,40,62
7875051,탑급 연예인은 넘사벽이구나,2024-08-10 09:44:15,17,63
7874877,미주갤에서 매번 증세 외치는 애들이 많은 이유,2024-08-10 09:06:22,44,128
7874835,상속세 진짜 낮추면 안됨,2024-08-10 08:59:25,14,223
7874735,재산 2000억 이상부터 국고 환수해야한다고 생각함,2024-08-10 08:37:50,23,94
7874705,이모랑 카톡함 인증샷,2024-08-10 08:30:22,15,58
7874630,골드만 삭스가 고른 주가 200% 상승할 기업,2024-08-10 08:11:16,24,54
7874608,잘 뒤졌으면 개추 ㅋㅋㅋㅋ,2024-08-10 08:05:03,24,164
7874599,"속보)네이버웹툰, 나스닥 상장 첫날 몸값 4조원…""아시아의 디즈니 목표""",2024-08-10 08:01:37,23,88
7874454,국뽕들 좆된거 너무 기분 좋다 ㅋ,2024-08-10 07:19:04,41,158
7874200,주말동안 숏충이 초대박나는 시나리오 정리 ㄷㄷㄷㄷㄷ,2024-08-10 05:53:58,19,95
7874101,오늘 네웹 주가 요약.jpg,2024-08-10 05:16:25,24,75
7873929,오늘 최고 퍼포먼스 기업 원탑ㅋㅋㅋ,2024-08-10 04:47:42,18,49
7872498,3수생양쪽으로처맞으니깐그냥죽고만싶다,2024-08-10 01:59:47,89,96
7871946,이새끼 사랑스러운 SOXS 주주들은 개추 ㅋㅋㅋㅋㅋ,2024-08-10 01:06:26,14,90
7871159,릴리 CEO 관상,2024-08-10 00:11:54,27,78
7871299,현시간 웹툰으로 3억 날린 사람 ㅋㅋ,2024-08-10 00:20:57,31,77
7871373,토스 커뮤 근황,2024-08-10 00:25:45,5,54
7871362,??? : 미장 안하는새끼가 병신아님??,2024-08-10 00:24:28,5,64
7871098,ㄹㅇ 미장 찐 고점신호 떴다.jpg,2024-08-10 00:08:41,57,163
2315628,cweb: 돈을 땅바닥에 버리다(동사 V),2021-12-23 23:47:58,267,1231
7869333,자랑) 컄ㅋㅋㅋㅋㅋ 위아래로 다 발라먹는중.jpg,2024-08-09 22:59:27,32,137
7870006,현재 롱숭이들 계좌 상황.gif,2024-08-09 23:19:28,12,87
7869469,현재 제일 머리 뜨거울 놈,2024-08-09 23:02:34,37,117
0,직원으로 채용하고 싶은 '일머리' 있는 것 같은 스타는?,,0,0
0,새롭게 태어난 LS증권에선 USD 100 증정,,0,0
0,,,0,0
2399365,"✪ 휴장 09/02 , FOMC 09/18 , CPI 09/11",2022-01-11 21:59:59,345,469
7364046,파딱 숙지필수) 갤러리 규칙입니다.,2024-07-04 09:11:59,181,16
7458991,"투자 지침서, 정보글 주식관련 사이트, ETF 목록",2024-07-14 20:06:45,9,18
7326376,진짜 고수가 지금 하는 행동,2024-06-29 04:10:57,29,320
7986251,념글가면 품번공개,2024-08-21 01:26:32,3,30
7986208,딸치는 너네들이 부럽다,2024-08-21 01:19:35,30,32
7986163,7억좌 전재산 날리는거 보고싶으면 개추,2024-08-21 01:13:13,5,96
7986137,진실을 깨달았다 지수추종도 하나의 프로파간다 였을뿐,2024-08-21 01:08:20,24,62
7986151,미주갤 거짓말쟁이들아,2024-08-21 01:10:27,18,66
7986131,"""아빠! 상속세 줄어든대요""",2024-08-21 01:07:48,11,98
7986043,9억좌 -> 10억된썰,2024-08-21 00:58:30,8,27
7985984,진짜 진지하게 딸치고 오면 엔비 오르더라,2024-08-21 00:48:54,23,38
7985875,자~숏충이들 전부 탑승했지?,2024-08-21 00:36:07,2,50
7985744,엔비디아 3시간뒤 ㄹㅇ.gif,2024-08-21 00:18:58,7,49
7985722,하 씨 ㅡ발 괜히 주식한다는거 가족한테 쳐 말해서,2024-08-21 00:16:38,15,36
7985538,사실 이렇게 나옴,2024-08-21 00:01:19,13,22
7985584,하 비와서 우산쓰는데 앞이 안 보여서 뭐가 툭 부딪히길래 ,2024-08-21 00:04:44,3,28
7985610,근데... 이게 지금 떨어진게 맞음?,2024-08-21 00:06:27,9,57
7985555,념글 10억 롱게이의 평단을 차트로 araboja,2024-08-21 00:02:20,7,51
7985503,130에도 안팔았다고?,2024-08-20 23:58:13,2,49
7985448,,2024-08-20 23:54:49,4,42
7985221,130에 엔비를 안판 새끼가 있다고????,2024-08-20 23:43:42,7,62
7985194,장이 존나 한동안 이상하긴 했어 ㅋㅋ,2024-08-20 23:42:12,8,26
7985113,7억) 말했지 숏이라고,2024-08-20 23:38:47,49,89
7984992,"속보) 노건슨탠리 회장, 선상백마파티하다가 침몰 후 실종",2024-08-20 23:32:57,50,56
7984617,념글 7억게이보고 시발 전재산 롱박았다 망했다,2024-08-20 23:16:31,77,73
7984574,7억좌 반년 뒤 .jpg,2024-08-20 23:14:17,11,102
7984076,7억) 나 이제 자러간다 내일 웃는모습으로보자,2024-08-20 22:48:59,104,80
7984479,념글 7억좌 미래 희망편 / 절망편,2024-08-20 23:09:30,4,78
7984480,미래에 절대 폐지는 안 주울거임 ㅇㅇ,2024-08-20 23:09:43,13,60
7984198,돈을 따본 개미들은,2024-08-20 22:55:47,6,33
7984050,"경기침체를 대비하는 기업들, 다 팔고 튀는즁 ",2024-08-20 22:46:59,17,25
7984453,7억좌 다음달 상황....jpg,2024-08-20 23:08:11,8,56
7983884,수익률 600프로 ㄷㄷ,2024-08-20 22:38:50,3,14
7983742,7억좌다 결국 다 처분했다,2024-08-20 22:33:40,69,52
7983534,짤녀 예쁜만큼 나스닥 폭등함,2024-08-20 22:25:54,15,59
7983113,지금 왜 내리는지 이유를 찾는거임? ㄷㄷㄷㄷㄷㄷㄷ,2024-08-20 22:00:13,10,83
7983109,,2024-08-20 22:00:01,8,70
7982889,버핏도 존나 지겹겠다 ㅋㅋㅋㅋㅋㅋ,2024-08-20 21:33:15,21,126
7982785,디즈니 공주 닮은 미국 알바눈나....,2024-08-20 21:17:13,44,48
7982366,"""뭐? 엔비 174층에 물렸다고???""",2024-08-20 20:28:58,14,196
7982306,버핏의 애플 매도에 대한 해석과 대처법.txt,2024-08-20 20:21:36,118,114
7982074,voo 쓰레기 사지말고 splg 사라,2024-08-20 19:50:45,33,41
7982066,증권계좌 하루100만원이체 제한 이거뭐냐?,2024-08-20 19:49:25,66,68
7981978,가투충 조금 불쌍한게,2024-08-20 19:37:26,21,40
7981784,너넨 샤워하면서 오줌싸지 마라….,2024-08-20 19:13:37,24,96
7981597,씨발 대출만 9억 5000이다,2024-08-20 18:49:10,58,45
7981492,롱숭이들 시장이 떠먹여주니까 니 실력같냐?,2024-08-20 18:37:10,20,104
7980968,언제 우리나라 기축통화국 됐음?,2024-08-20 17:39:57,55,72
7980774,카카오페이 근황...jpg,2024-08-20 17:21:21,2,16
0,직원으로 채용하고 싶은 '일머리' 있는 것 같은 스타는?,,0,0
0,새롭게 태어난 LS증권에선 USD 100 증정,,0,0
0,,,0,0
7852028,??? : 어 형이야,2024-08-08 23:57:50,22,59
7851862,롱충이는 낙천적임 다같이 잘되길바람,2024-08-08 23:52:16,15,191
7851680,병신 미붕이들아....빨아야겠지❓,2024-08-08 23:45:56,19,121
7851289,숏충이들 한짤 요약.gif,2024-08-08 23:31:36,3,64
7851250,어제 새벽단들은 기억한다,2024-08-08 23:30:30,12,88
7850934,롱충이는 바로 가족부터 건드는 이유가 뭐냐 ,2024-08-08 23:18:04,9,58
7850862,아들~ 엄마가 nvds 사왔다~,2024-08-08 23:15:37,20,139
7850488,미장은 지금이 돈 벌 기회다 ,2024-08-08 22:59:49,6,85
7850070,술과 계집을 대령해라 영웅호걸의 시간이다,2024-08-08 22:49:59,31,296
7849554,미주갤 손실공개(08/01 ~ 08/08),2024-08-08 22:38:39,35,45
7825193,,2024-08-07 18:01:49,12,912
7848831,엔비디아 적정 주가,2024-08-08 22:15:10,23,54
7848301,실업수당 지표 해석,2024-08-08 21:52:31,31,85
7847640,주간 실업수당청구건수,2024-08-08 21:35:58,29,48
2480195,하락장 끝났습니다 수고많으셨어요,2022-01-24 18:30:59,175,1949
7847109,짤녀 꼴리면 오늘 엔비 마오쩌둥,2024-08-08 21:22:10,17,59
7846716,하...개비디아..빗취년...죽고싶다....마18 시팔....,2024-08-08 20:54:47,8,18
7846615,반도체 숏 친 계좌 수익 인증,2024-08-08 20:44:57,46,61
7846590,모건스탠리가 지금이 M7 매수 적기래...ㄷㄷㄷㄷㄷ,2024-08-08 20:43:05,15,16
7207507,오늘 와이프 설득했습니다. 다음주에 엔비,2024-06-15 14:36:31,360,569
7846265,,2024-08-08 20:15:45,34,116
7846168,"파월 연준의장, ""허드슨 강을 시체로 가득 메울것"" 파멸적 하락 예고",2024-08-08 20:08:28,12,124
7846095,3배 레버리지 투자 멘탈 관리 상급노하우,2024-08-08 20:03:25,49,107
7845796,서브프라임때부터 수많은 하락장을 경험했지만 이번 시장은,2024-08-08 19:42:43,8,16
7845719,삼증 호가창 왜이럼?,2024-08-08 19:36:32,10,22
7845528,진짜 하락추세 횡보장일때 나오는 말들,2024-08-08 19:22:36,26,160
7845288,슬픔주의)주식 졸업한다...txt,2024-08-08 19:00:42,37,38
7845229,아니 씨발 카카오페이 이새끼 나 놀리는거임??,2024-08-08 18:55:38,14,68
7844654,2.5조 자산가 근황,2024-08-08 18:06:46,79,135
7844478,쌰충이롯데리아케첩도둑질입갤ㅋㅋㅋㅋㅋㅋㅋㅋㅋㅋ,2024-08-08 17:56:02,5,44
7844425,얘네 둘은 섹스하냐..?.jpg,2024-08-08 17:53:15,3,148
7844221,롱충이를 응징하는 숏충이,2024-08-08 17:43:34,15,69
7844198,엔비디아 주주는 끓는 물 속 개구리다,2024-08-08 17:41:47,2,47
7843980,병신.jpg,2024-08-08 17:24:07,23,52
7843939,의외로 많이들 헷갈리는 사실! (필독),2024-08-08 17:21:15,14,75
7843772,미국 옵션거래량 매년 폭발적 성장.. 역대 최다 ㄷㄷㄷㄷ,2024-08-08 17:11:51,37,68
7843707,우졍잉 시황에 나처럼 낚인사람 있냐?? ,2024-08-08 17:08:44,36,57
7843636,삼증 시발아 머해,2024-08-08 17:06:12,7,45
7843410,실시간 완장.jpg,2024-08-08 16:58:26,2,42
7843308,롱충이 항복선언합니노.,2024-08-08 16:51:02,38,151
7842989,요즘 트렌드가 뚱뚱한 남자구나...씨발 살찌워야지...,2024-08-08 16:21:21,35,88
7841907,병신들 숏충이가 전쟁때문에 숏치는줄아노 ㅋㅋㅋ,2024-08-08 14:52:19,38,147
7841889,"""~층에 사람있어요""가 웃긴 이유.logical",2024-08-08 14:51:17,39,248
7841391,엔비디아 1년만에 7배 올랐는데 더오를것같냐,2024-08-08 14:01:51,52,147
7841388,"주갤, 미주갤, 코인갤 보면서 느낀거",2024-08-08 14:01:30,34,221
7841300,이런거보면 AI 아직 한참 멀었고 지금은 씹거품인거 맞음ㄹㅇ,2024-08-08 13:50:14,32,80
7841263,챗GPT가 예측해준 청라 전기차 배상액 규모,2024-08-08 13:46:21,23,49
7841113,'SM 시세조종 의혹' 카카오 김범수 구속기소 (종합),2024-08-08 13:28:54,6,40
7840948,미국 주식 우리만 알자 ㅋㅋ,2024-08-08 13:09:21,18,121
7840875,??? : 뭐? 엔비디아 98불에도 못사겠다고?,2024-08-08 13:00:47,32,166
0,직원으로 채용하고 싶은 '일머리' 있는 것 같은 스타는?,,0,0
0,새롭게 태어난 LS증권에선 USD 100 증정,,0,0
0,,,0,0
7952108,짤녀 꼴리면 다음주 대호황,2024-08-17 05:17:07,10,58
7951577,여전히 이새끼한테 개처발리면 개추 ㅋㅋ,2024-08-17 03:00:39,5,15
7951576,오빠 엔비디아 주주지??,2024-08-17 03:00:38,15,30
7950983,이 새끼들 자고 일어났을 때 반응 궁금하네 ㅋㅋㅋㅋ,2024-08-17 01:39:03,14,76
7949820,6천만원 벌었다 씨발 이제 진짜 전업간다 ㅋㅋㅋㅋㅋㅋㅋㅋㅋㅋㅋㅋㅋㅋㅋㅋ,2024-08-16 23:46:40,45,152
7949589,이새끼 신 맞으면 개추 ㅋㅋㅋㅋㅋㅋㅋㅋㅋㅋ,2024-08-16 23:32:17,15,141
7949456,"""자 잘 봐 이게 나스닥이란거야""",2024-08-16 23:26:00,27,218
7947489,금투세 씨발 이게 무슨소리냐..?,2024-08-16 22:14:01,41,161
7947485,오늘 왜내리는지 딱 알려준다,2024-08-16 22:13:30,33,109
7947442,롱충이 실시간.gif,2024-08-16 22:09:35,22,58
7947405,씨발 파란불 들어오니까 여자 보지 존나게 쑤시고 싶다.,2024-08-16 22:06:48,13,88
7947394,이쯤 되면 롱충이들은 불쌍하다..,2024-08-16 22:06:14,12,85
7947052,본장 기대되는 숏충이 개추ㅋㅋ,2024-08-16 21:49:31,7,61
7946963,도대치 왜떨어지는지 모르겠는 soxl단 필독 ..jpg,2024-08-16 21:45:54,22,193
7946841,?? 미붕이들 이제 지표 빠릿빠릿하게 잘 보네...,2024-08-16 21:40:53,9,17
7946756,지금 왜 내리는지 이유를 찾는거임???,2024-08-16 21:37:35,5,112
7945735,온 나라가 그냥 사나이클럽이노 ㅋㅋㅋ,2024-08-16 20:34:16,58,138
7945414,테슬라 불남,2024-08-16 19:59:42,67,90
7944827,금일 홀짝 발표...jpg,2024-08-16 18:58:00,15,81
7944734,엔비디엘 씨발련아 딱대 8천만 풀대출 풀매수 인증유,2024-08-16 18:47:33,83,184
7944295,예들아 계죳뎨따,2024-08-16 17:57:08,23,42
7944260,와 시발 이 게시판 보다가 느낀건데...ㄷㄷㄷ,2024-08-16 17:53:53,48,237
7944079,눈치 빠른사람들은 미국주식 찬찬히 다 정리하는중,2024-08-16 17:38:43,67,185
7943851,개추 10개달성시 오늘 마5간다,2024-08-16 17:17:26,17,154
7943550,여기 폐쇄병동이냐?,2024-08-16 16:59:23,10,56
7942452,엘리베이터 만원 뜨길래 ,2024-08-16 14:40:35,51,271
7942407,시드 작은 애들 필독) 난 이걸로 시드 늘렸음,2024-08-16 14:32:46,62,168
7941785,엔비디아 계속 오르는게 말이되냐??,2024-08-16 12:55:16,45,107
7941657,14살 금수저 자산인증 나이 인증 O,2024-08-16 12:39:09,29,123
7941129,관망하다 벼락거지돼서 자살마려운 병신은 개추 ㅋㅋ,2024-08-16 11:29:17,3,10
7940600,니들은 창녀에 가까운 상태라 채권 못사,2024-08-16 10:17:38,105,350
7940428,8월 16일 시황,2024-08-16 09:51:05,63,54
7940276,야 일루와봐 연습해보자,2024-08-16 09:28:17,28,280
7940051,명언 개소리 갑.jpg,2024-08-16 08:49:49,30,356
7940024,바이든..... 근황 ㅋㅋㅋㅋㅋnews,2024-08-16 08:42:54,70,174
7939075,인생 이지모드 시작,2024-08-16 04:33:02,16,18
7939009,엄마 우리집은 왜 부자야???,2024-08-16 04:19:28,2,17
7938837,차트충들 말하는거보면 ㄹㅇ 존나웃김씨발ㅋㅋㅋㅋㅋ.txt,2024-08-16 03:40:30,113,369
7938642,야 씨발 전쟁났다 ,2024-08-16 03:13:53,4,80
7938352,현재 실시간 키움 순매수 순위...jpg,2024-08-16 02:42:56,44,82
7938276,mag7>>>soxl(좆게이나 사는 주식),2024-08-16 02:29:30,47,57
7938235,너넨 그냥 심리학 실험체 표본이다,2024-08-16 02:22:10,1,67
7938227,애미 다시는 숏안친다,2024-08-16 02:20:29,20,70
7938189,지표 조작한거아니냐....,2024-08-16 02:15:01,7,85
7937708,오늘이 역대급 불장인 이유,2024-08-16 01:30:43,9,75
7937445,난 지금이 제일 위험한 때라고 본다 feat. 나스닥차트,2024-08-16 01:13:50,10,12
7937398,10월전 엔비 140 터치 한번이라도 할거같으면 개추 ,2024-08-16 01:08:46,10,116
7937356,이번주 모든 지표가 풀롱인데 숏을 왜탐?? (진짜모름),2024-08-16 01:05:07,9,102
7937334,오늘 와이프 설득했습니다. 오늘부터 엔비,2024-08-16 01:02:58,17,118
7937322,숏충이 씨발 -500만 손절쳤다,2024-08-16 01:02:07,38,57
0,직원으로 채용하고 싶은 '일머리' 있는 것 같은 스타는?,,0,0
0,새롭게 태어난 LS증권에선 USD 100 증정,,0,0
0,,,0,0
7897006,실시간 SOXS 주주...gif,2024-08-12 23:40:08,9,66
7897054,숏충이 엄마입니다...,2024-08-12 23:42:51,5,47
7896918,현재 샷충이 상황.....gif,2024-08-12 23:36:21,4,51
7896696,그냥 올려 시발 ㅋㅋ,2024-08-12 23:27:39,10,61
7896612,숏충이 참회한다,2024-08-12 23:24:33,11,58
7896565,"""아빠, 엔비디아 91숏..? 그게뭐야?""",2024-08-12 23:23:11,3,56
7896567,"??? : ""다들 잘 즐겼지?""",2024-08-12 23:23:16,6,55
7896578,(반박불가)지금이 찐상승인 이유.....jpg,2024-08-12 23:23:35,0,12
7896458,이제 이새끼 뜨면 무조건 롱타라ㅋㅋㅋㅋ,2024-08-12 23:19:32,8,54
7896511,엔비 90불에 안산놈들 110불엔 왜사는거야????,2024-08-12 23:21:20,7,34
7896516,샷충이 이씨발새끼들 다어디갓어 ㅋㅋㅋㅋㅋㅋㅋㅋㅋㅋ,2024-08-12 23:21:37,16,68
7896448,엔비디아가 왜 오르는지 아직도모름??,2024-08-12 23:19:20,4,72
7896296,엔비 리버스주석 ㅋㅋㅋㅋㅋㅋㅋㅋ,2024-08-12 23:15:08,3,46
7895775,2.5주석 기념 다시보는 카카오페이 자사주,2024-08-12 22:57:16,34,69
7895413,준구햄 너무 걱정마라,2024-08-12 22:46:29,5,40
7895361,미주갤에 네이버웹툰 매수한 사람이 없는이유,2024-08-12 22:45:07,30,168
7895062,"속보) 웹툰, 2.5주석님 입갤 ㅋㅋㅋㅋㅋ",2024-08-12 22:37:36,30,59
7894677,짤녀 이쁘면 오늘 풀롱,2024-08-12 22:25:00,25,116
7894158,242억 로또 당첨자의 삶.jpg,2024-08-12 21:35:25,104,88
7893925,,2024-08-12 21:13:56,7,11
7893615,너네 지금 이건 알고 숏 치고 있냐?,2024-08-12 20:33:52,4,29
7893554,거유를 즐겼으니 빈유도 즐겨,2024-08-12 20:27:28,28,53
7893310,샤충이 꽈추좀 볼꽈? ㅋㅋㅋㅋㅋㅋㅋㅋㅋ,2024-08-12 19:56:56,19,76
7892345,사실 미주갤은 수많은 차원이 연결된 공간이 아닐까,2024-08-12 17:54:54,11,112
7891965,씨발 숏 타니깐 악마가 되어간다,2024-08-12 17:24:54,31,199
7891497,전쟁이 어쩌고 cpi가 어쩌고 병신같으면 개추ㅋㅋㅋㅋㅋ,2024-08-12 16:47:42,0,24
7891391,파리 올림픽 명장면 탑 파이브.gif,2024-08-12 16:36:28,19,89
7891269,"인천 전기차 화재, 자차보험 신청 600대 육박",2024-08-12 16:21:20,22,38
7890268,피터린치는 대놓고 개인투자자가 월가 이긴다고 확신했는데,2024-08-12 13:57:52,29,13
7890569,워렌버핏 애플 최고점에서 매도해 찬사,2024-08-12 14:48:30,66,102
7890287,미행연구 근황 ,2024-08-12 14:00:53,24,95
7890243,영국은 엘리트스포츠 지원줄이려다가 국민들이 반발해서 더 올림,2024-08-12 13:54:28,1,10
7889685,바위든 대통령 자살했네 ㄷㄷ,2024-08-12 12:27:57,28,183
7889319,주린이들 필독 ,2024-08-12 11:34:10,10,13
7889260,니들은 어릴때 이런 경험 없냐?,2024-08-12 11:25:23,144,530
7888686,8월 12일 시황,2024-08-12 09:42:58,50,56
7888609,더리치 삭제했다.,2024-08-12 09:28:39,42,311
7886213,백설공주) 디즈니를 2025년까지 숏쳐야하는 이유.txt,2024-08-11 23:05:36,73,165
7885691,외화유출 440만불 돌파!! (미주갤 손실공개 08/01 ~ 08/11),2024-08-11 21:38:03,80,71
7885001,SOXL로 지옥가는중.. 입니다. 잠도 안와요,2024-08-11 19:37:03,230,110
7884878,AI는 닷컴만큼 버블은 아니잖아!!(이번 침체는 닷컴일까 리먼일까),2024-08-11 19:07:16,24,18
7884761,네이버웹툰은 스톡옵션 대표만 탈출 가능함 ㅋㅋㅋㅋ,2024-08-11 18:40:13,41,125
7884588,보X 핑크 레전드…jpg,2024-08-11 18:05:52,29,178
7884511,보지에 정액 넣을때도 분산해서 넣냐?,2024-08-11 17:53:34,0,13
7884489,VOO 까는애들 포트폴리오 현실..TXT,2024-08-11 17:51:06,24,196
7884163,VOO 홍보하는 애미뒤진 새끼들,2024-08-11 17:01:21,74,139
7883385,솔직히 웃었으면 개추 ㅋㅋㅋㅋㅋ,2024-08-11 14:19:55,39,130
7882972,야당이 금투세를 밀어붙이는 진짜 이유..webp,2024-08-11 13:05:32,66,118
7882151,필독) 미주갤은 남초가 아니다,2024-08-11 10:12:51,45,349
7882210,나는 돈에 관심 없어요,2024-08-11 10:23:55,33,144
0,직원으로 채용하고 싶은 '일머리' 있는 것 같은 스타는?,,0,0
0,새롭게 태어난 LS증권에선 USD 100 증정,,0,0
0,,,0,0
7868182,하락장 100% 오는 이유(확률 100%),2024-08-09 22:28:03,37,257
7868015,롱충이들 실시간 gif.,2024-08-09 22:17:45,17,145
7867989,요즘 미국 물가 위험한 이유.jpg,2024-08-09 22:15:51,16,139
7867960,엔비 개씨발련아 쳐박으라고,2024-08-09 22:13:38,17,102
7867896,탈갤한다,2024-08-09 22:08:58,36,185
7867924,숏충아 우리가 구하러 왔어,2024-08-09 22:10:47,3,67
7867572,걍 반등줄때 팔고튄다,2024-08-09 21:49:21,13,65
7867514,아래 게이야. 나랑 비슷한 종목 골랐노 ㅋㅋㅋㅋㅋ,2024-08-09 21:45:44,51,40
7867446,본장 존나 기대되면 개추 ㅋㅋㅋㅋㅋㅋㅋㅋㅋㅋㅋㅋㅋㅋㅋㅋ,2024-08-09 21:42:34,3,41
7867454,오늘 하락인 이유 논리적으로 설명해준다 잘 들어라 (장문),2024-08-09 21:42:52,34,65
7866263,2011년 동일본 대지진때는 어땠을까?,2024-08-09 20:47:34,3,11
7865402,나 씨발 엔비디아 평단 134인데 어떡하냐,2024-08-09 19:53:14,27,81
7865224,미주갤 고닉들 존나 웃긴 점,2024-08-09 19:32:18,20,96
7865219,씨발 주식에 인버스 만든놈들 다 처형시켜야한다노,2024-08-09 19:31:36,24,64
7865102,오늘 S&P500 최소-4% 안떨어지면 나죽는다 ㅠㅠ 사람하나살려줘라ㅠㅠ,2024-08-09 19:21:30,62,65
7864873,성공한 남자의 삶.jpg,2024-08-09 19:06:12,15,100
7864824,영웅님 호걸님 저녁식사 준비됐습니다.,2024-08-09 19:03:23,12,232
7864815,"SOXL, SOXS 둘 다 산 새끼..jpg",2024-08-09 19:02:11,24,193
7864757,최근 미주갤 입문하면서 느낀 거,2024-08-09 18:56:51,4,42
7864746,롱충이 돈복사된다해서 달려왔닼ㅋㅋㅋㅋㅋㅋㅋ,2024-08-09 18:55:56,0,44
7864665,공포에 매수한 속쓸단 좆된거같으면 개추 ㅋㅋㅋㅋㅋㅋㅋㅋ,2024-08-09 18:50:51,0,42
7864663,하락장인지 상승장인지 구별 못하는새끼 특징,2024-08-09 18:50:50,5,95
7864573,"슬슬 ""이새끼"" 좆밥으로 보이는데? ㅋㅋㅋㅋㅋㅋㅋ",2024-08-09 18:45:04,9,138
7864542,쌰충이 와이프 근황 ㅋㅋㅋㅋㅋㅋㅋㅋㅋㅋ,2024-08-09 18:42:15,9,77
7864515,주식은 최대한 일찍 시작해야함,2024-08-09 18:40:03,44,180
7864037,엔비가 이렇게 쳐올랐는데 아직도 계좌는 -인 엔비주주는 개추 ㅋㅋㅋㅋㅋㅋ,2024-08-09 18:03:31,9,71
7863829,아니 돈 벌기가 이렇게 쉬운데 ㅋㅋㅋㅋㅋㅋㅋㅋㅋㅋ,2024-08-09 17:47:55,28,56
7863801,하락장 초입이 맞다고 보는 이유,2024-08-09 17:46:10,8,12
7863697,01년생 하산하겠습니다..,2024-08-09 17:38:35,77,70
7863466,이 세상에서 가장 쓸모없는거 = 경제분석,2024-08-09 17:25:55,30,126
7863409,3089억원 버는 방법,2024-08-09 17:20:20,21,43
7863148,쏙쓸 양전 ㅠㅠㅠㅠ 념글 한 번만 부탁이다...,2024-08-09 17:03:03,44,68
7863141,계속 롱인게 말이 되냐고?,2024-08-09 17:02:32,2,111
7862996,일본 지진 나서 금리 못올리니 호재닼ㅋㅋㅋㅋㅋㅋㅋ,2024-08-09 16:51:12,13,48
7862952,이 좆같은 알림은 왜 맨날 보내는거냐?,2024-08-09 16:46:25,17,110
7862870,TSCM 매출 좋은거랑 반도체가 뭔 상관임?,2024-08-09 16:37:18,26,62
7862778,그냥 본장도 없애된다 생각하면 개추 ㅋㅋ,2024-08-09 16:25:22,8,72
7862628,태권도 좆됐다 4vs1로 싸우는 한국...jpg,2024-08-09 16:08:32,30,143
7862509,(1보) '오마하에 별이 지다' 워런 버핏 향년 93세로 별세,2024-08-09 15:55:47,43,122
7862463,하마스 공격 이거 뭐냐 시발 ㄷㄷㄷㄷㄷㄷㄷㄷㄷㄷㄷㄷㄷㄷㄷㄷㄷㄸ,2024-08-09 15:51:01,13,80
7862360,와 ㅅㅂ 한자 외우다가 소름 끼치는거 깨달았다,2024-08-09 15:42:15,35,218
7862336,전쟁이 나야만하는 새끼 개추,2024-08-09 15:40:07,1,48
7862329,워런 버핏이 옥시덴탈을 사는 이유(옥시덴탈 주주 필독!),2024-08-09 15:39:32,46,54
7862305,왜 버핏은 돈을 뺐는가?,2024-08-09 15:37:17,15,52
7862221,"병신이여도 경제,시황에 관심갖는 새끼들이 낫다",2024-08-09 15:27:48,50,160
7862209,요즘은 사이다나 참교육물 도저히 못보겠다,2024-08-09 15:25:53,21,58
7862164,미국주식 갤러리 8월9일 차단해야 할 고닉 최신화 .. ,2024-08-09 15:21:06,15,22
7862147,데이장 <-영원히 없어도 되면 개추ㅋㅋㅋㅋ,2024-08-09 15:19:15,13,138
7862132,프장 열자마자 속슬살 게이는 개추좀 ,2024-08-09 15:17:06,6,37
7862055,실적 좋아도 떨어지는 이유,2024-08-09 15:10:13,11,22
0,직원으로 채용하고 싶은 '일머리' 있는 것 같은 스타는?,,0,0
0,새롭게 태어난 LS증권에선 USD 100 증정,,0,0
0,,,0,0
7937271,씨발 데드켓이라고 하는 새끼들 필독,2024-08-16 00:58:46,13,95
7937232,침체 어쩌고 하던 미주갤 경제학자들 다 어디감???,2024-08-16 00:55:23,11,64
7937166,내 포트폴리오 ㅁㅌㅊ냐,2024-08-16 00:51:26,23,41
7937151,내일 왜 떨어진다그 생각하냐?,2024-08-16 00:50:17,2,46
7937126,지금이 찐상승장인 이유 한 짤로 정리,2024-08-16 00:48:24,5,71
7937111,주식하면 돈을 잃는다 <- 역대급 망언 ㅋㅋㅋㅋㅋㅋㅋㅋㅋㅋ,2024-08-16 00:47:20,1,110
7936930,지금 왜 오르는지 이해가 안되????,2024-08-16 00:36:16,36,191
7936747,시발 엔비디아 그만 오르라고!,2024-08-16 00:25:05,41,129
7936612,롱충이 씹새끼들아 꼬추는 니들이 까야지,2024-08-16 00:17:51,22,182
7936529,아직도 계좌 파란색이면 개추씨발,2024-08-16 00:14:05,4,128
7936279,"""추...축하해요 미붕씨...엔비디아..지..진짜 많이 올랐네요..""",2024-08-15 23:57:46,18,251
7936315,엔비디아 지금 무슨단계인지 알려줌,2024-08-15 23:59:56,16,50
7936211,엔비 150은 어닝 전에도 감ㅇㅇ 어닝 후는 470임,2024-08-15 23:55:02,13,64
7936148,이 그래프 개병신이였노 ㅋㅋㅋ,2024-08-15 23:52:10,18,47
7936388,뭐??? 엔비디아 하이먼민스키? ㅋㅋㅋㅋㅋㅋㅋㅋㅋㅋㅋ,2024-08-16 00:04:35,15,139
7936369,아빠 우리집은 왜 부자야??,2024-08-16 00:03:40,9,73
7935948,이런 씹 불장에 아직도 손실 중이면 조용히 개추,2024-08-15 23:44:44,10,175
7935818,현재 엔비디아 차트...gif,2024-08-15 23:40:18,20,101
7935528,오르면 숏타고 떨어지면 롱치라고 저능아새끼들아,2024-08-15 23:28:00,21,126
7935498,다시보는 피터린치 명언 (복습) ,2024-08-15 23:26:51,8,144
7935489,"(조언) 숏, 현금 관망하던 분들은 참고해야할 글.txt",2024-08-15 23:26:37,24,115
7935385,개좆됐다 얘들아 나의 패배를 인정하노,2024-08-15 23:20:53,14,63
7934852,오늘 연얘인될뻔했는데 아쉽다 ,2024-08-15 23:00:49,10,34
7934920,?? : 미국이 경기침체라는데?,2024-08-15 23:02:51,7,74
7934976,NVDL 1300만원 벌었다 쎗쓰 파월!!!!!,2024-08-15 23:04:18,12,50
7935191,샤충이 계좌...gif,2024-08-15 23:11:13,1,45
7935363,엔비해적단 뭘로 막을건뎈ㅋㅋㅋㅋㅋ 버기해적단???????,2024-08-15 23:19:20,17,43
7935346,고점신호 진짜 레전드네 ㅋㅋ,2024-08-15 23:18:12,82,117
7911439,보름 월급 반납하고 간다 ㅅㅂ,2024-08-14 03:35:49,13,32
7920080,걍 합의하고 나올까,2024-08-14 21:46:21,38,46
7935078,엔비 94불에 숏쳤는데 ㅈ같네,2024-08-15 23:07:26,7,122
7934223,버핏이 화장품주식 산 이유....jpg,2024-08-15 22:39:48,9,131
7933668,"""따라해 쌀 때 사서""",2024-08-15 22:20:38,38,256
7933383,내일 롱숭이 출근길 근황,2024-08-15 22:07:17,5,10
7908665,주식 개못하는새끼.jpg,2024-08-13 23:14:11,35,226
7933268,3500 벌었다 ㅅㅅㅅㅅㅅ 쏴라아아아아앗!!!!,2024-08-15 22:02:17,21,94
7933243,버핏 ← 이새끼 그냥 오함마의 물로켓ㅋㅋㅋ,2024-08-15 22:01:38,8,54
7933167,워렌 버핏<<  진짜로 애미애비 뒤진거 같으면 개추ㅋㅋㅋ,2024-08-15 21:58:45,6,80
7933117,5천벌었다 씨발 이제 진짜 전업간다 ㅋㅋㅋㅋㅋㅋㅋㅋㅋ,2024-08-15 21:56:35,26,86
7932977,가투충 근황,2024-08-15 21:52:13,22,73
7932909,"지금 슬슬 기분좆같은 현금 준비,관망충 개추",2024-08-15 21:50:15,9,154
7932745,버핏아 패닉셀 그만하고 따라해봐,2024-08-15 21:45:10,14,95
7932609,가투충추함,2024-08-15 21:41:26,5,13
7932193,"소매판매, 실업수당청구건수 등등",2024-08-15 21:31:45,34,38
7931886,미친 애플 근황,2024-08-15 21:19:52,41,75
7931850,---숏충이 박멸--- 《롱충이 승리 박제》,2024-08-15 21:16:01,24,68
7931835,미국인 씨발놈아 실업수당 청구하지 마십시오.,2024-08-15 21:13:32,8,80
7931683,을사오적 ㄹㅇ 알면 알수록 불쌍한듯,2024-08-15 20:53:45,5,41
7931428,‘한국주식은 하는게 아니라서 미국주식한다’,2024-08-15 20:24:04,16,162
7931200,,2024-08-15 20:05:03,33,60
